ID	TITLE	BRAND	MODEL	PLUS	COLOR	SCREEN_SIZE
7923488	Smartphone ASUS Zenfone II ZE551 16GB 4G Tela 5.5 ZE551ML-6C705WW - BVOLT	asus	N/A	False	N/A	N/A
8105618	Smartphone Asus Zenfone 2 ZE551ML, 4G Android 5.0 Intel Quad Core 2.3GHz 16GB Câmera 13MP Tela 5.5, Dourado	asus	zenfone 2	False	gold	N/A
10026591	Caminhão Super Bombeiro Resgate Som E Luz - Magic Toys	N/A	N/A	False	N/A	N/A
10027542	Transformers 4 Power Battlers Dinobot Strafe - Hasbro	N/A	N/A	False	N/A	N/A
10111398	Memoria 4gb Ddr3 1333 Kvr13n9s8/4 Kingston	N/A	N/A	False	N/A	N/A
10193770	Película Vidro Temperado Sony Xperia Z3 Compact Proteção Máxima Invisível Alta Definição - Husky	N/A	N/A	False	N/A	N/A
10223260	Bumper  Case Flip Cover Fashion Iphone 5/5s (Bd04)	apple	iphone 5	False	N/A	N/A
10229203	Memória Kingston Hyperx Savage 4gb 1600mhz Ddr3 Cl9 Vermelha Hx316c9sr/4	N/A	N/A	False	red	N/A
10230429	Camiseta Decote V Plus Size	N/A	N/A	True	N/A	N/A
10231173	Memoria Kingston HYPER X FURY RED DESK 8GB DDR3 1866 HX318C10FR/8	N/A	N/A	False	red	N/A
10392630	Capa Hexa Apple Iphone 5 / 5s Mycapa Branca / Roxa	apple	iphone 5	False	white	N/A
10392657	Capa Hexa Apple Iphone 5 / 5s Mycapa Preta / Laranja	apple	iphone 5	False	black	N/A
10392663	Capa Hexa Apple Iphone 5 / 5s Mycapa Preta / Cinza	apple	iphone 5	False	black	N/A
10392664	Capa Hexa Apple Iphone 5 / 5s Mycapa Branca / Verde	apple	iphone 5	False	white	N/A
10427453	Impressora Etiquetas, Argox, R400 Plus	N/A	N/A	True	N/A	N/A
10441496	Deva Curl One Condition	N/A	N/A	False	N/A	N/A
10443427	Capa Flip Cover S-view Asus Zenfone 2 Ze551ml Pink	asus	zenfone 2	False	pink	N/A
10443622	Capa Flip Cover S-View Asus Zenfone 2 Ze551ml Rosa	asus	zenfone 2	False	pink	N/A
10462958	Forever Liss Force Repair Shampoo Rep 1 Lt	N/A	N/A	False	N/A	N/A
10464144	Furador Borda Max Toke e Crie Taças - 16831 - FBMA13	N/A	N/A	False	N/A	N/A
10471711	Probelle Shampoo Force Relax - 1000ml	N/A	N/A	False	N/A	N/A
10476412	Tamborete Do Bob Zoom	N/A	N/A	False	N/A	N/A
10486111	Capa De Silicone Fumê Para Nokia Microsoft Lumia N640 Xl	microsoft	N/A	False	N/A	N/A
10497615	Kerastase Resistance Force Architecte Shampoo 250 Ml	N/A	N/A	False	N/A	N/A
10500012	Capa Tpu Xiaomi Redmi 2 - Grafite	xiaomi	redmi 2	False	N/A	N/A
10508236	Capa Personalizada Exclusiva Sony Xperia Z3 Compact Mini D5803 D5833 - Vt12	N/A	N/A	False	N/A	N/A
10508284	Capa Personalizada Exclusiva Sony Xperia Z3 Compact Mini D5803 D5833 - Hg01	N/A	N/A	False	N/A	N/A
10508331	Capa Personalizada Exclusiva Sony Xperia Z3 Compact Mini D5803 D5833 - At06	N/A	N/A	False	N/A	N/A
10508352	Capa Personalizada Exclusiva Sony Xperia Z3 Compact Mini D5803 D5833 - At49	N/A	N/A	False	N/A	N/A
10514532	Capa Personalizada Exclusiva Xiaomi Redmi 2 - Ep10	xiaomi	redmi 2	False	N/A	N/A
10519710	Celular Blu Samba Jr Q53 Prata Dual Chip Silver	N/A	N/A	False	silver	N/A
10522943	Shampoo Lorys Kids Red Shake 500ml	N/A	N/A	False	red	N/A
10553279	Bracadeira Samsung Galaxy Alpha	samsung	N/A	False	N/A	N/A
10553283	Bracadeira Iphone 4	apple	iphone 4	False	N/A	N/A
10553363	Bracadeira Iphone 5	apple	iphone 5	False	N/A	N/A
10553971	Bracadeira Motorola Moto E	motorola	moto e	False	N/A	N/A
10554154	Bracadeira Motorola Moto X	motorola	moto x	False	N/A	N/A
10554506	Bracadeira Samsung Galaxy S4 Mini	samsung	galaxy s4	False	N/A	N/A
10554571	Bracadeira Sony Xperia Z3 Compact - Underbody	N/A	N/A	False	N/A	N/A
10557115	Capa Personalizada Exclusiva Sony Xperia Z3 Compact Mini D5803 D5833 - De03	N/A	N/A	False	N/A	N/A
10557881	Blush Up Corretor Dailus	N/A	N/A	False	N/A	N/A
10558842	Caneca Coffee ZOOM	N/A	N/A	False	N/A	N/A
10570423	Papel Scrapbook Folha Simple Âncora LSC-215 - Litocart	N/A	N/A	False	N/A	N/A
10571454	Active C Cr Anti Rugas 30ml	N/A	N/A	False	N/A	N/A
10579380	Aneethun Style Creme Gel - 150 g	N/A	N/A	False	N/A	N/A
10580727	Capa Transparente Xperia Z3 - Cristal Flexível Premium	N/A	N/A	False	N/A	N/A
10580743	Capa Transpararente Xperia M4 Ou M4 Aqua - Cristal Flexível Premium	N/A	N/A	False	N/A	N/A
10580745	Capa Flexível - Asus Zenfone 6	asus	zenfone 6	False	N/A	N/A
10580771	Capa Flexível - Sony Xperia Z4	N/A	N/A	False	N/A	N/A
10588490	Capa Flip Cover Motorola Moto G Couro Flores	motorola	moto g	False	N/A	N/A
10589064	Capa Flip Cover Motorola Moto E Couro Estrela	motorola	moto e	False	N/A	N/A
10591522	Capa Carteira Para Microsoft Lumia 435	microsoft	N/A	False	N/A	N/A
10596046	Memoria 4gb 2x 2gb Compaq Pavilion Hdx16t Ddr2-800 Pc2-6400 Notebook	N/A	N/A	False	N/A	N/A
10597298	Carrinho Pick-Up Bombeiro - Calesita	N/A	N/A	False	N/A	N/A
10616177	Adesivo Borda Artesanal II Bebê Menino AD1537 - Toke e Crie	N/A	N/A	False	N/A	N/A
10629579	Bumper Motorola Moto E Amarelo	motorola	moto e	False	N/A	N/A
10632700	Relógio Diesel Mega Chief DZ4320/0PN	N/A	N/A	False	N/A	N/A
10637465	Capa Flip Cover Samsung Galaxy S4 Mini Roxo	samsung	galaxy s4	False	N/A	N/A
10653283	Capa E Película Underbody Nokia Lumia 535	N/A	N/A	False	N/A	N/A
10658799	Itallian Hairtech Extreme-Up Liso Fugace 230 ml	N/A	N/A	False	N/A	N/A
10666199	Pelicula Sony Xperia U Anti-Reflexo	N/A	N/A	False	N/A	N/A
10693619	"Smartphone Lenovo Vibe K6 Plus Grafite com 32GB, Tela 5.5"", Câmera 16MP, 4G, Dual Chip, Android 6.0, RAM de 3GB e Processador Qualcomm Octa-Core"	lenovo	N/A	True	N/A	5.5
10693632	"Smartphone Lenovo Vibe K6 Plus Dourado com 32GB, Tela 5.5"", Câmera 16MP, 4G, Dual Chip, Android 6.0, RAM de 3GB e Processador Qualcomm Octa-Core"	lenovo	N/A	True	gold	5.5
11051210	"Smartphone Samsung Galaxy S7 edge Black Piano com 128GB, Tela 5.5"", Android 6.0, 4G, Câmera 12MP, Processador Octa-Core e 4GB RAM"	samsung	galaxy s7	False	black	5.5
11433803	Smartphone ASUS Zenfone 3 Max ZC553KL Cinza com 32GB, Tela de 5.5, Dual Chip, Android 6.0, 4G, Câmera 16MP, Processador Octa-Core e 3GB de RAM	asus	zenfone 3 max	False	silver	N/A
11500460	Smartphone ASUS Zenfone 3 Zoom ZE553KL Preto com 64GB, Tela 5.5, Dual Chip, Android 6.0, 4G, Câmera Dual 12MP, Processador Octa-Core e 4GB de RAM	asus	zenfone 3 zoom	False	black	N/A
11516095	Smartphone Motorola Moto Z2 Play Power Edition Ouro 64GB, Tela 5.5'', Dual Chip, Câmera 12MP, Android 7.1, Processador Octa-Core e 4GB de RAM	motorola	moto z2	False	gold	5.5
11516099	Smartphone Motorola Moto Z2 Play Sound Edition Platinum 64GB, Tela 5.5'', Dual Chip, Câmera 12MP, Android 7.1, Processador Octa-Core e 4GB de RAM	motorola	moto z2	False	silver	5.5
11516101	Smartphone Motorola Moto Z2 Play Sound Edition Ouro 64GB, Tela 5.5'', Dual Chip, Câmera 12MP, Android 7.1, Processador Octa-Core e 4GB de RAM	motorola	moto z2	False	gold	5.5
11516103	Smartphone Motorola Moto Z2 Play Projector Edition Platinum 64GB, Tela 5.5'', Dual Chip, Câmera 12MP, Android 7.1, Processador Octa-Core e 4GB de RAM	motorola	moto z2	False	silver	5.5
11516109	Smartphone Motorola Moto Z2 Play Power Edition Platinum 64GB, Tela 5.5'', Dual Chip, Câmera 12MP, Android 7.1, Processador Octa-Core e 4GB de RAM	motorola	moto z2	False	silver	5.5
11516848	Smartphone ASUS Zenfone 3 Zoom ZE553KL Prata com 32GB, Tela 5.5, Dual Chip, Android 6.0, 4G, Câmera Dual 12MP, Processador Octa-Core e 3GB de RAM	asus	zenfone 3 zoom	False	silver	N/A
11516983	Smartphone ASUS Zenfone 3 Zoom ZE553KL Rosa com 64GB, Tela 5.5, Dual Chip, Android 6.0, 4G, Câmera Dual 12MP, Processador Octa-Core e 4GB de RAM	asus	zenfone 3 zoom	False	pink	N/A
11614697	Smartphone LG K4 Novo, Titânio, X230DS,Tela de 5´´, 8GB, 8MP, OI	lg	N/A	False	N/A	N/A
11654012	"Smartphone Asus Zenfone 3 Zoom ZE553KL Prata 64GB, Tela 5.5"", Dual Chip, Câmera 13MP, 4G, Android 6.0, Processador Octa-Core e RAM de 4GB"	asus	zenfone 3 zoom	False	silver	5.5
11666282	Smartphone LG Q6+ Platinum com 64GB, Tela 5.5”, Android 7.0, 4G, Câmera 13MP, Processador Octa-Core e 4GB de RAM	lg	N/A	True	silver	5.5
11700707	Smartphone Motorola Moto G5s Plus XT1802 Platinum 32GB, Tela 5.5'', Dual Chip, TV Digital, Android 7.1, Câmera Traseira Dupla 13MP e 3GB RAM	motorola	moto g5	True	silver	5.5
11700714	Smartphone Motorola Moto G5s Plus XT1802 Azul Topázio 32GB, Tela 5.5'', Dual Chip, TV Digital, Android 7.1, Câmera Traseira Dupla 13MP e 3GB RAM	motorola	moto g5	True	blue	5.5
11700716	Smartphone Motorola Moto G5s Plus XT1802 Ouro Rosé 32GB, Tela 5.5'', Dual Chip, TV Digital, Android 7.1, Câmera Traseira Dupla 13MP e 3GB RAM	motorola	moto g5	True	gold	5.5
11811144	Smartphone Motorola Moto Z2 Play GamePad Edition Platinum 64GB, Tela 5.5'', Dual Chip, Câmera 12MP, Android 7.1, Processador Octa-Core e 4GB de RAM	motorola	moto z2	False	silver	5.5
11811145	Smartphone Motorola Moto Z2 Play 360 Câmera Edition Topázio 64GB, Tela 5.5'', Dual Chip, Câmera 12MP, Android 7.1, Processador Octa-Core e 4GB de RAM	motorola	moto z2	False	N/A	5.5
11822323	"Smartphone Asus Zenfone 4 Max ZC554KL Preto com 16GB, Tela 5.5"", Dual Chip, Câmera Traseira Dupla, 4G, Android 7.0, Processador Quad Core e 2GB RAM"	asus	zenfone 4 max	False	black	5.5
11822328	"Smartphone Asus Zenfone 4 Max ZC554KL Gold com 16GB, Tela 5.5"", Dual Chip, Câmera Traseira Dupla, 4G, Android 7.0, Processador Quad Core e 2GB RAM"	asus	zenfone 4 max	False	gold	5.5
11822329	"Smartphone Asus Zenfone 4 Max ZC554KL Rosa com 16GB, Tela 5.5"", Dual Chip, Câmera Traseira Dupla, 4G, Android 7.0, Processador Quad Core e 2GB RAM"	asus	zenfone 4 max	False	pink	5.5
11822336	"Smartphone Asus Zenfone 4 Selfie Pro ZD552KL Preto com 64GB, Tela 5.5"", Dual Chip, Câmera Frontal Dupla, Android 7.0, Processador Octa Core e 4GB RAM"	asus	zenfone 4 selfie pro	False	black	5.5
11822337	"Smartphone Asus Zenfone 4 Selfie Pro ZD552KL Vermelho 64GB, Tela 5.5"", Dual Chip, Câmera Frontal Dupla, Android 7.0, Processador Octa Core e 4GB RAM"	asus	zenfone 4 selfie pro	False	red	5.5
11822340	"Smartphone Asus Zenfone 4 Selfie Pro ZD552KL Gold com 64GB, Tela 5.5"", Dual Chip, Câmera Frontal Dupla, Android 7.0, Processador Octa Core e 4GB RAM"	asus	zenfone 4 selfie pro	False	gold	5.5
11822356	"Smartphone Asus Zenfone 4 Selfie ZD553KL Gold com 64GB, Tela 5.5"", Dual Chip, Câmera Frontal Dupla, Android 7.0, Processador Octa Core e 4GB RAM"	asus	zenfone 4 selfie	False	gold	5.5
11822364	"Smartphone Asus Zenfone 4 Max ZC554KL Rosa com 32GB, Tela 5.5"", Dual Chip, Câmera Traseira Dupla, 4G, Android 7.0, Processador Octa Core e 3GB RAM"	asus	zenfone 4 max	False	pink	5.5
11822367	"Smartphone Asus Zenfone 4 Selfie ZD553KL Preto com 64GB, Tela 5.5"", Dual Chip, Câmera Frontal Dupla, Android 7.0, Processador Octa Core e 4GB RAM"	asus	zenfone 4 selfie	False	black	5.5
11822369	"Smartphone Asus Zenfone 4 ZE554KL Verde com 64GB, Tela 5.5"", Dual Chip, Câmera Traseira Dupla, 4G, Android 7.0, Processador Octa Core e 4GB RAM"	asus	zenfone 4	False	green	5.5
11822372	"Smartphone Asus Zenfone 4 Max ZC554KL Gold com 32GB, Tela 5.5"", Dual Chip, Câmera Traseira Dupla, 4G, Android 7.0, Processador Octa Core e 3GB RAM"	asus	zenfone 4 max	False	gold	5.5
11822373	"Smartphone Asus Zenfone 4 Selfie ZD553KL Rose Gold com 64GB, Tela 5.5"", Dual Chip, Câmera Frontal Dupla, Android 7.0, Processador Octa Core e 4GB RAM"	asus	zenfone 4 selfie	False	gold	5.5
11822377	"Smartphone Asus Zenfone 4 Selfie ZD553KL Verde com 64GB, Tela 5.5"", Dual Chip, Câmera Frontal Dupla, Android 7.0, Processador Octa Core e 4GB RAM"	asus	zenfone 4 selfie	False	green	5.5
11822381	"Smartphone Asus Zenfone 4 ZE554KL Preto com 64GB, Tela 5.5"", Dual Chip, Câmera Traseira Dupla, 4G, Android 7.0, Processador Octa Core e 6GB RAM"	asus	zenfone 4	False	black	5.5
11822386	"Smartphone Asus Zenfone 4 Max ZC554KL Preto com 32GB, Tela 5.5"", Dual Chip, Câmera Traseira Dupla, 4G, Android 7.0, Processador Octa Core e 3GB RAM"	asus	zenfone 4 max	False	black	5.5
11822388	"Smartphone Asus Zenfone 4 ZE554KL Verde com 64GB, Tela 5.5"", Dual Chip, Câmera Traseira Dupla, 4G, Android 7.0, Processador Octa Core e 6GB RAM"	asus	zenfone 4	False	green	5.5
11822392	"Smartphone Asus Zenfone 4 ZE554KL Preto com 64GB, Tela 5.5"", Dual Chip, Câmera Traseira Dupla, 4G, Android 7.0, Processador Octa Core e 4GB RAM"	asus	zenfone 4	False	black	5.5
11822393	"Smartphone Asus Zenfone 4 ZE554KL Branco com 64GB, Tela 5.5"", Dual Chip, Câmera Traseira Dupla, 4G, Android 7.0, Processador Octa Core e 4GB RAM"	asus	zenfone 4	False	white	5.5
11822405	"Smartphone Asus Zenfone 4 ZE554KL Branco com 64GB, Tela 5.5"", Dual Chip, Câmera Traseira Dupla, 4G, Android 7.0, Processador Octa Core e 6GB RAM"	asus	zenfone 4	False	white	5.5
11823246	"Smartphone Sony Xperia XA1 G3116 Branco com 32GB, Tela 5"" HD, Dual Chip, Câmera 23MP, 4G, Android 7.0, Processador Octa-Core e 3GB RAM"	N/A	N/A	False	white	N/A
11823248	"Smartphone Sony Xperia XA1 Plus G3426 Preto com 32GB, Tela 5,5"", Dual Chip, Câmera 23MP, 4G, Android 7.0, Processador Octa-Core e 4GB RAM"	N/A	N/A	True	black	N/A
11823251	"Smartphone Sony Xperia XA1 Plus G3426 Dourado com 32GB, Tela 5,5"", Dual Chip, Câmera 23MP, 4G, Android 7.0, Processador Octa-Core e 4GB RAM"	N/A	N/A	True	gold	N/A
11823252	"Smartphone Sony Xperia XZ1 G8341 Preto com 64GB, Tela 5,2"", Single Chip, Câmera 19MP, 4G, Android 8.0, Processador Octa-Core e 4GB RAM"	N/A	N/A	False	black	N/A
11823263	"Smartphone Sony Xperia XZ1 G8341 Azul com 64GB, Tela 5,2"", Single Chip, Câmera 19MP, 4G, Android 8.0, Processador Octa-Core e 4GB RAM"	N/A	N/A	False	blue	N/A
11823304	"Smartphone Sony Xperia XZ1 G8341 Rose com 64GB, Tela 5,2"", Single Chip, Câmera 19MP, 4G, Android 8.0, Processador Octa-Core e 4GB RAM"	N/A	N/A	False	N/A	N/A
12564961	"Smartphone Samsung Galaxy S9 Plus Ultravioleta 128GB, Tela Infinita 6.2"", Dual Chip, Android 8.0, Câmera Dupla de 12MP, 6GB RAM e Processador OctaCore"	samsung	galaxy s9	True	N/A	6.2
12669434	Smartphone Motorola Moto G6 Play XT1922 Índigo com 32GB, Tela de 5.7'', Dual Chip, Android 8.0, 4G, Câmera 13MP, Processador Octa-Core e 3GB de RAM	motorola	moto g6	False	N/A	5.7
12669436	Smartphone Motorola Moto G6 Play XT1922 Ouro com 32GB, Tela de 5.7'', Dual Chip, Android 8.0, 4G, Câmera 13MP, Processador Octa-Core e 3GB de RAM	motorola	moto g6	False	gold	5.7
12731640	iPhone 8 Plus Apple RED Special Edition 64GB Tela Retina HD 5.5” iOS11 Câmera Dupla 12MP Vermelho	apple	iphone 8	True	red	5.5
12731651	iPhone 8 Plus Apple RED Special Edition 256GB Tela Retina HD 5.5” iOS11 Câmera Dupla 12MP Vermelho	apple	iphone 8	True	red	5.5
12950125	Smartphone Motorola Moto Z3 Play Gamepad Índigo 64GB, Tela 6'', Dual Chip, Câmera Traseira Dupla, Android 8.1, Processador Octa-Core e 4GB de RAM	motorola	moto z3	False	N/A	N/A
22996794	"Celular Smartphone Tp-link Neffos C5l 4g Lte 4.5"" 8gb Branco"	N/A	N/A	False	white	4.5
27797661	Motorola Moto C Plus XT1726	motorola	moto c	True	N/A	N/A
28304576	Smartphone Motorola Moto C Plus XT1723 Dual Sim LTE 5.0´´ 16GB Câm.8MP+2MP-Preto	motorola	moto c	True	black	N/A
35237715	Smartphone LG K4 Novo X230 8GB LTE Dual Sim Tela de 5.0'' -Marrom	lg	N/A	False	N/A	5.0
39512318	Smartphone Huawei Mate 10 Lite 64gb 4 Gb Ram DualSim Tela 5.9 - Dourado	N/A	N/A	False	gold	N/A
668329644	Apple Iphone 5 16gb 100% Original Promoção Imperdivel!!!!!!!	apple	iphone 5	False	N/A	N/A
686521708	Smartphone Lg K10 Novo 2017 32gb E 2g Ram +  Frete Grátis	lg	N/A	True	N/A	N/A
695726975	Apple Iphone 5s 16gb Desbloqueado Original Anatel De Vitrine	apple	iphone 5s	False	N/A	N/A
700299298	Motorola Moto G5s 32gb G 5s Xt1794 2chip 4g Tela 5.2 16mp Nf	motorola	moto g5	False	N/A	N/A
705112358	Apple Iphone 6 16gb Space Gray Original Nacional Vitrine	apple	iphone 6	False	silver	N/A
708769702	Lançamento Smartphone Cat S61 Tela 5.2 64gb 4g Dual Sim	N/A	N/A	False	N/A	N/A
717103137	Celular Motorola Moto G6 Play Xt1922 4g 32gb Dual Android 8	motorola	moto g6	False	N/A	N/A
722631381	Apple Iphone 5s 16gb Original Desbloqueado Novo De Vitrine	apple	iphone 5s	False	N/A	N/A
722933035	Apple Iphone 5c 16gb Original Desbloqueado - De Vitrine	apple	iphone 5c	False	N/A	N/A
722936947	Iphone 5s 16gb Original Apple Desbloqueado Novo De Vitrine	apple	iphone 5s	False	N/A	N/A
723215907	Apple Iphone 5 16gb Original Novo De Vitrine	apple	iphone 5	False	N/A	N/A
727798920	Motorola I867 Ferrari	motorola	N/A	False	N/A	N/A
735473636	Celular Motorola Moto G6 Plus Dual 64gb 4gbram Tv Xt1926-8	motorola	moto g6	True	N/A	N/A
751387542	Samsung Galaxy S5 Duos 4g Sm G900md Original Seminovo Nfe	samsung	galaxy s5	False	N/A	N/A
755779461	Samsung Galaxy S5 Branco G900m 16gb 4g Desbloqueado Seminovo	samsung	galaxy s5	False	white	N/A
760950989	Samsung Galaxy J5 Prime 32gb Dourado Nota Fiscal	samsung	galaxy j5	False	gold	N/A
773530472	Motorola Moto G Xt1032 8gb Single Chip Desbloqueado - Novo	motorola	moto g	False	N/A	N/A
778531875	Novo Motorola Moto G5s Plus Xt1802 32gb 13mp 4g Rose +nf	motorola	moto g5	True	N/A	N/A
780539443	Celular Xiaomi Redmi Mi A1 4g Dual 64gb 4gb Ram 5.5' Lacrado	xiaomi	mi a1	False	N/A	5.5
794323295	Smartphone Cat Caterpillar S60 Lte 32gb !! Pronta Entrega !!	N/A	N/A	False	N/A	N/A
795691568	Smartphone Celular Caterpillar Cat S60 32gb Câm Térmica 4g	N/A	N/A	False	N/A	N/A
807959902	Iphone 6 16gb Apple Tela 4,7 Original Apple Bluetooth	apple	iphone 6	False	N/A	N/A
807960504	Iphone 6 16gb Apple Tela 4,7 Garantia Novo Original Apple	apple	iphone 6	False	N/A	N/A
811025694	Sony Xperia Xz1 Compact 32gb G8441 4g 4gb Ram Snapdragon 835	N/A	N/A	False	N/A	N/A
812468070	Celular Iphone 5s 32gb Desbloqueado 100% Funcionando 3g 4g B	apple	iphone 5s	False	N/A	N/A
813520073	Samsung Galaxy S5 Branco 16gb 4g G900m Desbloqueado Seminovo	samsung	galaxy s5	False	white	N/A
820675577	Celular Lg K10 Dual 4g Tela 5.3 2gb Ram 2  Câmeras Android 7	lg	N/A	False	N/A	N/A
823209286	Celular Caterpillar Cat S60 32gb Cam Térmica 4g Original	N/A	N/A	False	N/A	N/A
824511715	Imbativel Corra ! Motorola Moto G5 Xt1676 4g Orig+brinde+nf	motorola	moto g5	True	N/A	N/A
834154768	Samsung A510 Galaxy A5 2016 Anatel Nf 16gb Dourado I Vitrine	samsung	galaxy a5	False	gold	N/A
834156055	Samsung G935 Galaxy S7 Edge 32gb Preto 4g Original I Vitrine	samsung	galaxy s7	False	black	N/A
840749892	Motorola Xt1626 Moto G4 Dual Chip 16gb 4g  Preto | Novo	motorola	moto g4	False	black	N/A
841439651	Celular Lg K10 Novo 2017 4g M250ds 32gb Titânio Tela 5,3	lg	N/A	False	N/A	N/A
849470172	Celular Motorola Moto G6 Play Xt1922 4g 32gb Dual Android 8	motorola	moto g6	False	N/A	N/A
853248747	Smartphone Motorola Moto C Plus 16gb Mem 4g Dual 2gb Ram	motorola	moto c	True	N/A	N/A
853254183	Smartphone Motorola Moto C Plus 16gb Mem 4g Dual 2gb Ram	motorola	moto c	True	N/A	N/A
860120130	Lg K10 Novo 2017 Lgm250ds 32gb Dourado Lacrado	lg	N/A	False	gold	N/A
860120250	Celular Lg K10 Power Novo M320tv Indigo Câmera 13mp 32gb	lg	N/A	False	N/A	N/A
860923407	Samsung Galaxy S5 G900 Original 16gb Semi Novo	samsung	galaxy s5	False	N/A	N/A
865315186	Promoção  Celular Samsung Galaxy S6 Edge 64gb G925 - Vitrine	samsung	galaxy s6	False	N/A	N/A
873764184	Samsung Galaxy Grand Prime+ Plus Lacrado 4g Melhor J2 J3 J5	samsung	N/A	True	N/A	N/A
880918239	Iphone Apple 8 64gb Plus Debloq S/juros Leia Anúncio	apple	N/A	True	N/A	N/A
882236621	Smartphone Barato Xiaomi Redmi Note 4 Leitor De Digital 32gb	xiaomi	N/A	False	N/A	N/A
885751260	Novo Moto G5 Xt1676 16g Orig+brinde+nota Fiscal+frete Gratis	motorola	moto g5	True	N/A	N/A
888428931	Celular Lg K10 2017 M250dsf Dual 32gb -	lg	N/A	False	N/A	N/A
888708040	Smartphone Samsung Galaxy S6 Edge G925i 32gb Preto (vitrine)	samsung	galaxy s6	False	black	N/A
895482381	Motorola Moto G5 Xt1671 | 32gb | Dual | Android 7.0 |	motorola	moto g5	False	N/A	N/A
896630415	Celular Motorola Moto C Plus  Dual Sim 16gb Tela 5 | 2gb Ram	motorola	moto c	True	N/A	N/A
896633212	Celular Motorola Moto C Plus Xt1724 Dual Sim 16gb Tela 5	motorola	moto c	True	N/A	N/A
897909000	Test Item (no Ofertar) Iphone 4 8gb Nuevo	apple	iphone 4	False	N/A	N/A
900513018	+ Brindes Grátis+ Motorola Moto G4 Plus 32gb Xt1640 -vitrine	motorola	moto g4	True	N/A	N/A
907635551	Caterpillar Cat S60 - Duro Na Queda! - 32gb Câmera Termica!	N/A	N/A	False	N/A	N/A
910763540	Samsung Galaxy S8 5.8in 64gb Câmera 12mp+8mp Ametista	samsung	galaxy s8	True	N/A	N/A
914278399	Apple Iphone 5s 16gb 4g 100% Original  Promoção Envio Já	apple	iphone 5s	False	N/A	N/A
918208411	Apple Iphone 5s 16gb 100% Original Promoção Imperdivel!!!!!!	apple	iphone 5s	False	N/A	N/A
919481440	Celular Moto G5 Xt1671 Novo 32gb  Orig+brinde+nota Fiscal	motorola	moto g5	True	N/A	N/A
920970470	Zenfone 4 Selfie Dourado Asus 4g 64gb 4gb 20+8 Mp - Zd553kl	asus	zenfone 4 selfie	True	gold	N/A
921979732	Iphone 5s 16gb Original Com Nota Fiscal Danfe	apple	iphone 5s	False	N/A	N/A
925429672	Iphone 6 16gb 4'7 8mp Desbl. Apple Original, A Vista R$1.249	apple	iphone 6	False	N/A	N/A
925541875	Smartphone Samsung Galaxy J7 Pro 64gb 4g J730 12x Sem Juros	samsung	galaxy j7	False	N/A	N/A
925541897	Smartphone Samsung Galaxy J7 Pro 64gb 4g J730 Desbloqueado	samsung	galaxy j7	False	N/A	N/A
927874482	Apple Iphone 8 Plus 64gb Novo Lacrado 1 Ano De Garantia +nf	apple	iphone 8	True	N/A	N/A
927962384	Celular Lg K10 Power M320tv 32gb Tela 5.5'' Azul Indigo 4g	lg	N/A	False	blue	5.5
928464267	Motorola Moto C Plus Xt1723 Dual Chip 16gb Preto Dourado	motorola	moto c	True	black	N/A
928765806	Lançamento Xiaomi Redmi S2 64gb Dual Sim Rom Global Oreo 8.1	xiaomi	N/A	False	N/A	N/A
929531936	Celular Motorola Moto C Plus Xt1724 Dual  16gb Tela 5 + Fone	motorola	moto c	True	N/A	N/A
929580295	Iphone 8 64gb Novo Lacrado Anatel Garantia Pela Apple 1 Ano	apple	iphone 8	False	N/A	N/A
929583341	Iphone 8 Plus 64gb Novo Lacrado Origina Garantia 1 Ano Apple	apple	iphone 8	True	N/A	N/A
930230864	Xiaomi Mi A2 Lite 64gb 4gb Dual Chip Tela 5,84' - Rom Global	xiaomi	mi a2	False	N/A	N/A
930234729	Xiaomi Mi 8 64gb 6gb Dual Tela 6,2 Snapdragon 845 Rom Global	xiaomi	N/A	False	N/A	N/A
933654808	Celular Xiaomi Mi A1 Tela 5.5 4gb Ram 64gb 2 Chips Android	xiaomi	mi a1	False	N/A	N/A
937589848	Iphone 7 128gb 4g 4'7 12mp 4k Touchid Apple Rfb Desbloqueado	apple	iphone 7	False	N/A	N/A
938289971	Iphone 8 Apple Plus 256gb 01 Ano De Garantia Envio Imediato	apple	iphone 8	True	N/A	N/A
941562066	Celular Motorola Moto G5 Xt1671 32gb Dual Original	motorola	moto g5	False	N/A	N/A
941980041	* Mega Promoção * Samsung Galaxy S6 Edge G925 32gb -vitrine	samsung	galaxy s6	False	N/A	N/A
946570128	Caterpillar Cat S60 - Duro Na Queda! - 32gb Câmera Termica!	N/A	N/A	False	N/A	N/A
949335507	Iphone 8 256gb Dourado	apple	iphone 8	False	gold	N/A
949937239	Smartphone Samsung Galaxy S9 128gb Preto - Lacrado C/nf	samsung	galaxy s9	False	black	N/A
951258463	Celular Alcatel A3 Xl Max 3gb/32gb 9008n - Dourado Ou Preto	N/A	N/A	False	black	N/A
951635599	Apple Watch Series 3 42mm Gps Garantia Apple + Brinde	apple	N/A	True	N/A	N/A
952975159	Xiaomi Mi A2 Lite 32gb 3gb Dual Chip Tela 5,84' - Rom Global	xiaomi	mi a2	False	N/A	N/A
959701549	Iphone 8 Plus 64gb Original Lacrado Homologado Atanel	apple	iphone 8	True	N/A	N/A
961199439	Xiaomi Mi A2 64gb 4gb 20mp Tela 5,99' Snapdragon 660 Android	xiaomi	mi a2	False	N/A	N/A
963492882	Iphone 6 64gb Apple Original 4g 4'7 Rfb Desb A Vista R$1.499	apple	iphone 6	False	N/A	N/A
963575260	Moto G5s Ouro Motorola Tela 5,2 4g 32gb 16mp - Xt1792	motorola	moto g5	False	gold	N/A
963749292	Iphone X 64gb Novo Lacrado Cpo Original Garantia 1 Ano Apple	apple	iphone x	False	N/A	N/A
964921219	Xiaomi Mi A1 5x Dual Chip 64gb 4gb Ram 4g - Dourado Ou Preto	xiaomi	mi a1	False	black	N/A
966734967	Celular Xiaomi Redmi Note 5 64gb 4gb Ram 5.9p 12mp Nfe Novo	xiaomi	N/A	False	N/A	N/A
966738228	Celular Xiaomi Redmi Note 5 64gb 4gb Ram 5.9 Nfe Novo 12x Sj	xiaomi	N/A	False	N/A	N/A
969416016	Iphone 5s 16gb Novo! Lacrado! Original! Garantia 3 Meses	apple	iphone 5s	False	N/A	N/A
969476546	Iphone X 256gb 1 Ano De Garantia Apple. Pronta Entrega	apple	iphone x	False	N/A	N/A
969496999	Samsung Galaxy J7 Prime G610f | 32gb Octa-core + Nota Fiscal	samsung	galaxy j7	True	N/A	N/A
970994725	Celular Galaxy J7 Pro 64gb Dourado + Cartão Sd 8gb Grátis	samsung	galaxy j7	True	gold	N/A
971104886	Celular Galaxy J7 Pro 64gb Preto + Cartão Sd 8gb Grátis	samsung	galaxy j7	True	black	N/A
971694246	Celular Galaxy J2 Prime 4g Samsung Smartphone 8gb Original	samsung	galaxy j2	False	N/A	N/A
976888913	Xiaomi Mi A2 32gb 4gb 20mp Tela 5,99' Snapdragon 660 Android	xiaomi	mi a2	False	N/A	N/A
978883952	Iphone X 256gb  Novo! Lacrado!  Cpo! 1 Ano De Garantia Apple	apple	iphone x	False	N/A	N/A
979396465	Celular Samsung Galaxy A8 2018 Sm-a530f 64gb Preto	samsung	galaxy a8	False	black	N/A
980833540	Apple Iphone 8 Plus 64gb Lacrado - Com Nota Fiscal	apple	iphone 8	True	N/A	N/A
980916995	Celular Samsung Galaxy J5 Prime 32gb Biometria 13mp +brindes	samsung	galaxy j5	True	N/A	N/A
981152333	Motorola Moto G5 Xt1671 32gb Dual Sim Android 7.0 13mpx/5mpx	motorola	moto g5	False	N/A	N/A
983449457	Iphone X 64gb Apple Lacrado	apple	iphone x	False	N/A	N/A
985195190	Celular Lg K10 Novo 2017 4g M250ds 32gb Tela 5,3 Original	lg	N/A	False	N/A	N/A
987076762	Iphone Apple X 256gb Orig Grt Apple Leia Anuncio Original	apple	N/A	False	N/A	N/A
987869736	Celular Samsung Galaxy J2 Pro Android 7.1 Tela 5 16gb	samsung	galaxy j2	False	N/A	N/A
988804788	Xiaomi Redmi 5 Plus 64gb 4gb Dual Chip Rom Global Tela 5,99'	xiaomi	redmi 5	True	N/A	N/A
989085729	Smartphone Motorola Moto Z2 Play Polaroid Edition Dualchip	motorola	moto z2	False	N/A	N/A
989752218	Iphone 5s 16gb Novo Lacrado Garantia Vendedor 6 Meses	apple	iphone 5s	False	N/A	N/A
990651418	Celular Moto C Plus 16gb 4g Original Dourado	motorola	moto c	True	gold	N/A
991263900	Galaxy S8 Plus 64gb Duos Dual Chip Samsung Novo De Vitrine	samsung	galaxy s8	True	N/A	N/A
992802586	Apple Iphone 7 128gb Original 4g Nacional 12mpx Ios| Vitrine	apple	iphone 7	False	N/A	N/A
993672482	Smartphone Apple Iphone 5c 16gb Original Apple	apple	iphone 5c	False	N/A	N/A
994136442	Moto C Plus Xt1723 Dourado 2º Geração 2gb Ram +16 Gb 2 Chip	motorola	moto c	True	gold	N/A
994413047	Lançamento Xiaomi Redmi S2 32gb Dual Sim Rom Global Oreo 8.1	xiaomi	N/A	False	N/A	N/A
994917584	Celular Samsung Galaxy J2 Prime 16gb Dual Sim Cam 8mp Wifi	samsung	galaxy j2	False	N/A	N/A
995484943	Xiaomi Mi A2 Lite 64gb 4gb Dual Chip Tela 5.84 Rom Global	xiaomi	mi a2	False	N/A	N/A
996979135	Smartphone Apple Iphone 8 Plus 64gb Tela 5,5	apple	iphone 8	True	N/A	N/A
998507121	Grátis Brindes Celular Iphone 5s 16gb - Leia Todo O Anúncio!	apple	iphone 5s	False	N/A	N/A
999595044	Iphone X 256gb Novo Lacrado Original Apple Garantia 1 Ano	apple	iphone x	False	N/A	N/A
999620409	Apple Iphone X 256gb 1 Ano De Garantia Anatel Original !	apple	iphone x	False	N/A	N/A
1001010116	Xiaomi Redmi 5 Plus 32gb 3gb Dual Chip Rom Global Tela 5,99'	xiaomi	redmi 5	True	N/A	N/A
1001967837	Celular Motorola C Plus Xt1723 Dual 16gb - Original Com Nf	motorola	N/A	True	N/A	N/A
1001975907	Iphone Apple X 64gb Novo Lacrado 5.8 Garantia De 01 Ano!	apple	N/A	False	N/A	N/A
1002167408	Celular Smartphone Samsung Galaxy S9+ Preto 128gb	samsung	galaxy s9	True	black	N/A
1002289092	Iphone X 64gb Prata Envio Imediato 1 Ano Garantia Brasil	apple	iphone x	False	silver	N/A
1005562800	Samsung Galaxy A7 2017 A720f Preto 32gb.7 4g 16mp 3gb+ Nota	samsung	galaxy a7	True	black	N/A
1005840347	Apple Watch Nike+ Séries 3 42mm Lacrado	apple	N/A	True	N/A	N/A
1005858211	Apple Watch Nike+ Séries 3 38mm Lacrado Novo	apple	N/A	True	N/A	N/A
1005858744	Apple Watch Nike+ Séries 3 38mm Lacrado	apple	N/A	True	N/A	N/A
1006396800	Smartphone Motorola Moto E4 Plus Xt1771 Xt1773 16gb 5.5 Gold	motorola	moto e4	True	gold	N/A
1007140648	Promoção Xiaomi Redmi Note 5 4gb Ram 64gb + Full Cover	xiaomi	N/A	True	N/A	N/A
1007191413	Smartphone Samsung Galaxy J7 Pro 2017 Sm-j730gm Dual Sim 32g	samsung	galaxy j7	False	N/A	N/A
1008316441	Motorola Moto G5s Xt1792 Anatel 32gb Nf-e Dourado I Vitrine	motorola	moto g5	False	gold	N/A
1008654818	Smartphone Motorola Moto C Plus Android 7.0 16gb Dual Chip	motorola	moto c	True	N/A	N/A
1010087924	Celular Samsung Galaxy J2 Pro Dourado Android 7.1 16gb	samsung	galaxy j2	False	gold	N/A
1010484705	Iphone 7 Plus 256gb Lacrado Nf Garantia Apple + 2 Brindes	apple	iphone 7	True	N/A	N/A
1010668106	Iphone X 256 Gb Novo Lacrado Anatel Cpo	apple	iphone x	False	N/A	N/A
1011117609	Samsung A7 2017 64gb Novo A720 Lacrado Anatel 3gb Ram 16mp	samsung	N/A	False	N/A	N/A
1012139183	Smartphone Xiaomi Redmi Mi A2 Lite 64gb Dual 4gb Ram Global	xiaomi	mi a2	False	N/A	N/A
1012227269	Apple Iphone 7 Plus 256gb Lacrado Garantia Um Ano +2 Brindes	apple	iphone 7	True	N/A	N/A
1012568407	Smartphone Samsung A530f Galaxy A8 Duos Dual Tela 5.6 64gb	samsung	galaxy a8	False	N/A	N/A
1012572119	Smartphone Samsung A530f Galaxy A8 Duos Dual Tela 5.6 64gb	samsung	galaxy a8	False	N/A	N/A
1014722214	Celular Samsung Galaxy J5 Prime 32gb Biometria 13mp +brindes	samsung	galaxy j5	True	N/A	N/A
1015544035	Celular Xiaomi Mi A2 Lite 64gb 4g Ram  Lacrado Envio 24hs	xiaomi	mi a2	False	N/A	N/A
1015961356	Celular Smartphone Xiaomi Redmi 5 Plus 32gb Gold Novo	xiaomi	redmi 5	True	gold	N/A
1015970159	Motorola Moto G6 Play 32gb Tela 5,7 Xt1922-5 Nota + Brinde	motorola	moto g6	True	N/A	N/A
1016700656	Samsung Galaxy S9 Plus 128gb 6gb Ram Nacional + Nf	samsung	galaxy s9	True	N/A	N/A
1017031802	Samsung A8 + Plus A730 Lançamento 64gb Tela 6 Novo 4gb Ram	samsung	N/A	True	N/A	N/A
1017600822	Celular Samsung Galaxy J5 Prime Rose G570m Tela 5  32gb 13mp	samsung	galaxy j5	False	N/A	N/A
1017636908	Celular Motorola Moto G6 Play Índigo Android 8.0 32gb 4g	motorola	moto g6	False	N/A	N/A
1018417200	Smartphone Moto C Xt1758 16gb Tela 5 5mp/2mp 100%original	motorola	moto c	False	N/A	N/A
1018571570	Smartphone Motorola Moto G6 Play 32gb Índigo Xt1922/i	motorola	moto g6	False	N/A	N/A
1018580732	Smartphone Motorola Moto G6 Plus 64gb Índigo Xt1926/i	motorola	moto g6	True	N/A	N/A
1018669203	Motorola Moto G5s Plus Dual 32gb 5.5 13+13mp/8mp - Novo	motorola	moto g5	True	N/A	N/A
1020035570	Smartphone Motorola Moto G6 Plus 64gb 4gb Octacore - Índigo	motorola	moto g6	True	N/A	N/A
1022593405	Apple Iphone 8 64gb (lacrado Original) - Red (vermelho)	apple	iphone 8	False	red	N/A
1023148781	Iphone 6 Plus 64gb Tela 5'5 12mp 4k Touchid Apple Rfb Desbl.	apple	iphone 6	True	N/A	N/A
1023779967	Iphone 8 Plus 64gb 4g Com 1 Ano Garantia Apple Nota Fiscal	apple	iphone 8	True	N/A	N/A
1025208041	Motorola Xt1710 Moto Z2 Play Dual Chip 64gb Original | Novo	motorola	moto z2	False	N/A	N/A
1025607795	Apple Iphone 8 Plus 64gb Anatel	apple	iphone 8	True	N/A	N/A
1025788464	Celular Motorola Moto G6 Plus 64gb 4gb Octacore 2.2ghz	motorola	moto g6	True	N/A	N/A
1025804613	Celular Motorola Moto G6 Play Índigo 32 Gb Xt1922	motorola	moto g6	False	N/A	N/A
1026175271	Apple Watch Series 3 42mm Lacrado + Brinde	apple	N/A	True	N/A	N/A
1026490748	Motorola Moto G6 Plus Dual Android 8.0 5.9  64gb 4g 12mp	motorola	moto g6	True	N/A	N/A
1026504117	Celular Motorola Moto G6 Play Índigo 32 Gb Xt1922	motorola	moto g6	False	N/A	N/A
1027402963	Celular Smartphone Motorola Moto C Xt1750 8gb Dual Chip	motorola	moto c	False	N/A	N/A
1028671459	Celular Motorola Moto G6 Play Índigo Android 8.0 32gb 4g	motorola	moto g6	False	N/A	N/A
1029075911	Celular Smartphone Motorola Moto Z2 Play 64gb Gold Xt1710-08	motorola	moto z2	False	gold	N/A
1029180893	Motorola Moto G6 Play 32gb Índigo Xt1922 Leia Anuncio	motorola	moto g6	False	N/A	N/A
1029544663	Apple Watch Nike+ Séries 3 42mm Lacrado + Envio Imediato	apple	N/A	True	N/A	N/A
1029807147	Celular Smartphone Moto E4 Plus 5.5 16gb Biometria Dual Sim	motorola	moto e4	True	N/A	N/A
1029834904	Motorola Xt1925-3 Moto G6 32gb Nf Garantia Leia Anuncio	motorola	moto g6	False	N/A	N/A
1030654364	Smartphone Samsung Galaxy J7 Neo 16gb Tv Dual Octa Dourado	samsung	galaxy j7	False	gold	N/A
1030654602	Smartphone Samsung Galaxy J7 Neo 16gb Tv Dual Octa Preto	samsung	galaxy j7	False	black	N/A
1031003797	Celular Barato Original Motorola G5 S 32gb Envio24h 4 Gb Ram	motorola	N/A	False	N/A	N/A
1031248030	Celular Xiaomi Redmi 6 32gb 3gb 12mp 5.45´´ Original Global	xiaomi	redmi 6	False	N/A	N/A
1031580444	Smartphone Sony Xperia Xa1 Ultra G3223 32gb 1sim	N/A	N/A	False	N/A	N/A
1032064086	Celular Moto G6 Play Dual Chip 5.7  32gb 4g 13mp	motorola	moto g6	False	N/A	N/A
1032255419	Celular Novo Original Mi5 Plus Xiaomi Redmi 3gb 32gb Lacrado	xiaomi	N/A	True	N/A	N/A
1032968329	Xiaomi Mi A2 Global 4gb Ram 64gb 20mp Snapdragon 660 Android	xiaomi	mi a2	False	N/A	N/A
1034138281	Apple Iphone 6 64gb Rfb Lacrado! Oferta Imperdível! Confira!	apple	iphone 6	False	N/A	N/A
1035030223	Motorola Moto G5s Plus 32gb G 5s Xt1805 2chip 4k 13mp	motorola	moto g5	True	N/A	N/A
1035034762	Motorola Moto G5s Plus 32gb G 5s Xt1805 2chip 4k 13mp	motorola	moto g5	True	N/A	N/A
1035166074	Smartphone Alcatel A3 Xl Max Dourado 32gb 3gb Ram Quad-core	N/A	N/A	False	gold	N/A
1036990828	Motorola Moto G5s Plus Dual Sim 32gb Special Edition Lacrado	motorola	moto g5	True	N/A	N/A
1037288883	Xiaomi Redmi Note 5 64gb Dual Global + Combo + Nota Fiscal	xiaomi	N/A	True	N/A	N/A
1038041560	Celular Xiaomi Redmi Note 4 64gb 5.5	xiaomi	N/A	False	N/A	N/A
1041957820	Apple Watch Series 3 38mm Lacrado Nf + Brinde	apple	N/A	True	N/A	N/A
1043016246	Apple Iphone 6 64gb Novo Lacrado Com Nota Fiscal	apple	iphone 6	False	N/A	N/A
1043103938	Motorola Moto G6 Plus Dual Android 8.0 5.9 64gb 4g 12mp	motorola	moto g6	True	N/A	N/A
1043437119	Celular New 100% Original Motorola Moto Z2 Play 64gb Xt1710	motorola	moto z2	False	N/A	N/A
1043503732	Celular Xiaomi Redmi 5 Tela 5,7 Global 3gb Ram 32gb Interno	xiaomi	redmi 5	False	N/A	N/A
1043871865	Celular Positivo Twist Mini Tela 4.0 8mp 8gb 3g Android 6.0	N/A	N/A	False	N/A	N/A
1043880948	Celular Samsung Galaxy A8 Plus 6  64gb 4g 16mp	samsung	galaxy a8	True	N/A	N/A
1044252530	Iphone 8 Plus Apple 64gb Retina Hd 5,5 Ios 11 4g Espacial	apple	iphone 8	True	N/A	N/A
1044257698	Iphone 8 Apple Plus Com 64gb Dourado	apple	iphone 8	True	gold	N/A
1044473677	Smartphone Motorola Moto Z3 Play Stereo Speaker 64gb Tela 6	motorola	moto z3	False	N/A	N/A
1045487943	Motorola Xt1900 Moto X4 Dual 32gb 4g Nf-e Original | Novo	motorola	moto x4	False	N/A	N/A
1046397164	Smartphone Motorola Moto G6 Play 32gb 3gb Octacore - Ouro	motorola	moto g6	False	gold	N/A
1046781531	Iphone 8 64gb Vermelho Lacrado Nf Anatel 3388,88 Avista	apple	iphone 8	False	red	N/A
1046787831	Motorola Moto G6 Play Xt1922 Nf Lacrado	motorola	moto g6	False	N/A	N/A
1047430612	Smartphone Motorola Moto Z3 Play 64gb Indigo Lacrado	motorola	moto z3	False	N/A	N/A
1047643671	Iphone 6 16gb Original Desbloqueado Usado 100% Funcionando C	apple	iphone 6	False	N/A	N/A
1047657004	Smartphone Samsung Galaxy S8 + Plus Tela 6.2 Dual Sim 64gb	samsung	galaxy s8	True	N/A	N/A
1047753461	Celular Smartphone Motorola Moto Z3 Play Indigo Tela 6	motorola	moto z3	False	N/A	N/A
1047753466	Celular Smartphone Motorola Moto Z3 Play Indigo Tela 6	motorola	moto z3	False	N/A	N/A
1047891834	Smartphone Motorola Moto G6 Plus 64gb 4gb Octacore - Índigo	motorola	moto g6	True	N/A	N/A
1048953863	Samsung A7 2017 A720f Promoção Semi Novo Nf Anatel Garantia	samsung	N/A	False	N/A	N/A
1049178770	Celular Motorola Moto Z3 Play 64gb Indigo	motorola	moto z3	False	N/A	N/A
1049234402	Celular Smartphone Samsung Galaxy S9+ Cinza Tela 6.2  128gb	samsung	galaxy s9	True	silver	N/A
1049871895	Celular Xiaomi Redmi Note 5 64gb 4gb 5.99 + Capinha Pelicula	xiaomi	N/A	True	N/A	N/A
1050050349	Smartphone Xiaomi Redmi Note 4 32gb 3gb Ram Dual Chip Global	xiaomi	N/A	False	N/A	N/A
1050170314	Iphone 8 Plus 64gb Garantia De 1 Ano  Apple Novo Lacrado!!!	apple	iphone 8	True	N/A	N/A
1050184472	Smartphone Motorola Moto G6 Play Dourado 32 Gb Xt1922/o	motorola	moto g6	False	gold	N/A
1051307693	Smartphone Xiaomi Redmi Note 5 64gb Mem 4gb Ram Dual 5.99pol	xiaomi	N/A	False	N/A	N/A
1051493880	Smartphone Caterpillar Cat S60 32gb 4g Original Com Nf-e	N/A	N/A	False	N/A	N/A
1051654890	Smartphone Motorola Moto C Plus Xt1723 Dualchip16gb Original	motorola	moto c	True	N/A	N/A
1052217524	Smartphone Motorola Moto Z3 Play Power Pack Dtv 64gb Índigo	motorola	moto z3	False	N/A	N/A
1052937921	Smartphone Samsung Galaxy S7 Edge 128gb Blackpiano+ Nota	samsung	galaxy s7	True	N/A	N/A
1053036989	Motorola Moto G5 Plus Xt1683 Promoção Vitrine Anatel 32gb	motorola	moto g5	True	N/A	N/A
1054424394	Celular Motorola Moto G6 Play 32gb 4g Android 8.0 Índigo	motorola	moto g6	False	N/A	N/A
1054878748	Iphone 8 Plus 64gb Dourado Nota Fiscal Lacrado	apple	iphone 8	True	gold	N/A
1054895118	Iphone 8 Plus 64gb + Nota Fiscal + Lacrado  (avista 3888,88)	apple	iphone 8	True	N/A	N/A
1055309712	Smartphone Xiaomi Redmi Note 5 32gb Mem 3gb Ram Dual 5.99pol	xiaomi	N/A	False	N/A	N/A
1055934802	Iphone 6 16gb Novo Lacrado Com Nota Fiscal Envio Imediato	apple	iphone 6	False	N/A	N/A
1056180430	Smartphone Motorola Moto G6 Play Dourado 32 Gb Xt1922	motorola	moto g6	False	gold	N/A
1056284560	Xiaomi Mi Mix 2s Global Branco 64gb, Pronta Entrega!	xiaomi	N/A	False	white	N/A
1056643341	Motorola Moto G6 Play Xt1922 Novo Lacrado Anatel Nf Dourado	motorola	moto g6	False	gold	N/A
1057683586	Smartphone Huawei P20 Lite Lx3 Single Sim 32gb Lacrado	N/A	N/A	False	N/A	N/A
1059557528	Xiaomi Redmi Note 5 64gb / 4gb Ram V. Global	xiaomi	N/A	False	N/A	N/A
1059858676	Promoção Celular Xiaomi Redmi Note 5 64gb 4gb Android Note5	xiaomi	N/A	False	N/A	N/A
1059858753	Novo Celular Xiaomi Redmi Note 5 64gb 4gb Ram Versão Global	xiaomi	N/A	False	N/A	N/A
1060033912	Celular Motorola Moto G6 Play 32gb 4g Android 8.0 Dourado	motorola	moto g6	False	gold	N/A
1060850452	Iphone 8 64gb Lacrado Nf	apple	iphone 8	False	N/A	N/A
1060863433	Motorola Moto G6 Plus Dual Android 8.0 5.9  64gb 4g 12mp	motorola	moto g6	True	N/A	N/A
1062350976	Celular Iphone 7 32gb Original Apple Vitrine Nf Desbloqueado	apple	iphone 7	False	N/A	N/A
1062864884	Celular Motorola Moto G5s Plus Xt1805 32gb Brinde Notafiscal	motorola	moto g5	True	N/A	N/A
1064164028	Apple Iphone X 256gb Preto - Lacrado Garantia 1 Ano	apple	iphone x	False	black	N/A
1064689264	Celular Smartphone Moto E4 Plus 5.5 16gb Biometria Dual Sim	motorola	moto e4	True	N/A	N/A
1064788363	Smartphone Motorola Moto Z3 Play 128gb Dual Android 8.1 Ônix	motorola	moto z3	False	N/A	N/A
1064790531	Smartphone Motorola Moto Z3 Play 128gb Dual Android 8.1 Ônix	motorola	moto z3	False	N/A	N/A
1065114159	Apple Iphone 8 64gb - Lacrado - Anatel	apple	iphone 8	False	N/A	N/A
1065585288	Promoção Celular Smartphone Moto E4 Plus 5.5 16gb Top	motorola	moto e4	True	N/A	N/A
1065585530	Promoção Celular Smartphone Moto E4 Plus 5.5 16gb Biometria	motorola	moto e4	True	N/A	N/A
1066788444	Smartphone Xiaomi Mi Mix 2s Dual Sim 64gb-5.99 12mp  Preto	xiaomi	N/A	False	black	N/A
1066929534	Celular Motorola Moto G6 Play 32gb Android 8 4g+microsd 16gb	motorola	moto g6	True	N/A	N/A
1068576850	Apple Iphone 8 64gb - Vitrine Garantia 3 Meses Promoção.	apple	iphone 8	False	N/A	N/A
1068666965	Celular Novo Xiaomi Redmi Note 5 64gb Pro 4gb Ram Global 4g	xiaomi	N/A	False	N/A	N/A
1068667284	Celular Original Xiaomi Redmi Note 5 64gb Pro 4gb Ram Global	xiaomi	N/A	False	N/A	N/A
1069048303	Xiaomu Mi A1 Xiaomin Redimir A1 64g Celular Xiaomi A1 Brinde	xiaomi	mi a1	False	N/A	N/A
1069221420	Smartphone Samsung Galaxy J7 Prime 2 Dourado 32gb Dual Chip	samsung	galaxy j7	False	gold	N/A
1069423185	Celular Xiaomin Redmi Note 5 32gb 3gb Xiaomi Global Brinde	xiaomi	N/A	False	N/A	N/A
1069533955	Celular Xiaomi Redmi Note 5 Pro 64gb 4gb Global 12x Sem Juro	xiaomi	N/A	False	N/A	N/A
1069860385	Iphone 6 16gb Novo! Lacrado! Original! Garantia 3 Meses	apple	iphone 6	False	N/A	N/A
1069862053	Iphone 6 64gb Novo! Lacrado! Garantia De 03 Meses Vendedor	apple	iphone 6	False	N/A	N/A
1071902269	Smartphone Motorola Moto G6 Plus 64gb Azul Topázio	motorola	moto g6	True	blue	N/A
1072478480	Motorola Moto C Plus Xt1723 Dual Chip 16gb 2g De Ram C Nf	motorola	moto c	True	N/A	N/A
1072694604	Smartphone Motorola Moto G6 Plus 64gb Octacore2.2ghz Topazio	motorola	moto g6	True	N/A	N/A
1072947381	Samsung Galaxy S9+ S9 Plus Anatel 128gb Lacrado Nf Garantia	samsung	galaxy s9	True	N/A	N/A
1073137174	Celular Moto G5s Plus 32gb 3gb Ram Platin+brinde+nota Fiscal	motorola	moto g5	True	N/A	N/A
1074084470	Smartphone Xiaomi Redmi Note 5 64gb Mem 4gb Ram Dual 5.99pol	xiaomi	N/A	False	N/A	N/A
1074153521	Celular Moto C Plus Dual Chip 16gb Preto	motorola	moto c	True	black	N/A
1074517610	Celular Xiaomi Redmi 6 32gb 3gb Ram Dual Camera Novo Lacrado	xiaomi	redmi 6	False	N/A	N/A
1074965120	Smartphone Lenovo K8 Plus 32gb Mem 3gb Ram Dual 4g 5.2pol	lenovo	N/A	True	N/A	N/A
1075447621	Smartphone Meizu M5c Dual Sim 4g 2gb Ram 16gb - Preto	N/A	N/A	False	black	N/A
1075807685	Celular Samsung Galaxy J5 Pro Sm-j530g/ds 32gb Dourado	samsung	galaxy j5	False	gold	N/A
1075829522	Smartphone Samsung Galaxy A7 2017 64gb Rosa	samsung	galaxy a7	False	pink	N/A
1075913435	Apple Iphone 8 Plus 256gb Lacrado 1 Ano De Garantia	apple	iphone 8	True	N/A	N/A
1076128732	Celular Xiaomi Redmi Note 5 64gb Global Lacrado Dual Chip	xiaomi	N/A	False	N/A	N/A
1076130218	Celular Xiaomi Redmi Note 5 64gb Global Lacrado Dual S/juros	xiaomi	N/A	False	N/A	N/A
1076567935	Smartphone Xiaomi Mi A2 Lite Global 4gb Ram 64gb P/ Entrega	xiaomi	mi a2	False	N/A	N/A
1076682620	Samsung Galaxy S9 128gb 5.8 2.8ghz  12mp Lacrado Anatel +nfe	samsung	galaxy s9	True	N/A	N/A
1077145209	Celular Motorola Moto G5 Xt1677 Dual Sim 16gb Android 7.0	motorola	moto g5	False	N/A	N/A
1077147848	Celular Xiaomi Mi A2 64gb 4g Ram C\nota Black Novo Lacrado	xiaomi	mi a2	False	black	N/A
1077157052	Celular Xiaomi Mi A2 64gb 4g Ram C\nota Black Novo Lacrado	xiaomi	mi a2	False	black	N/A
1077518301	Smartphone Motorola Moto G5s Plus 32gb Mem 3gb Ram Dual	motorola	moto g5	True	N/A	N/A
1078008721	Smartphone Meizu M5c Dual Sim 4g 2gb Ram 16gb - Preto	N/A	N/A	False	black	N/A
1078139110	Celular Motorola Moto G5s Plus 32gb/4gb Original Grafite	motorola	moto g5	True	N/A	N/A
1078146167	Celular Xiaomi Redmi Note 5 32gb 3gb Global Lacrado Preto	xiaomi	N/A	False	black	N/A
1078513466	Iphone 6 Plus 64gb Lacrado E Cabo Lighting	apple	iphone 6	True	N/A	N/A
1078653954	Samsung Galaxy S9 128gb Preto Sm-g9600/ds Anatel Lacrado	samsung	galaxy s9	False	black	N/A
1078800753	Smartphone Xiaomi Mi A2 Lite 64gb Mem 4gb Ram 4g - Preto	xiaomi	mi a2	False	black	N/A
1079371324	Celular Samsung Galaxy A8 Plus 2018 Sm-a730f 64gb Dourado	samsung	galaxy a8	True	gold	N/A
1079377092	Celular Samsung Galaxy A8 Plus 2018 Sm-a730f 64gb Preto	samsung	galaxy a8	True	black	N/A
1079575088	Iphone X 64gb Novo Lacrado Anatel Nf Garantia Apple Prata	apple	iphone x	False	silver	N/A
1080137203	Celular Xiaomi Redmi Note 5 64gb/4gb Versão Global Lacrado	xiaomi	N/A	False	N/A	N/A
1080195907	Smartphone Xiaomi Mi A2 Lite Global 3gb Ram 32gb P/ Entrega	xiaomi	mi a2	False	N/A	N/A
1080200504	Smartphone Xiaomi Mi A2 Lite Global 3gb Ram 32gb P/ Entrega	xiaomi	mi a2	False	N/A	N/A
1080200544	Celular Xiaomi Redmi Note 5 32gb Global Lacrado Dual S/juros	xiaomi	N/A	False	N/A	N/A
1080209407	Smartphone Xiaomi Mi A2 Lite Global 3gb Ram 32gb P/ Entrega	xiaomi	mi a2	False	N/A	N/A
1080212639	Smartphone Xiaomi Mi A2 Lite Global 3gb Ram 32gb P/ Entrega	xiaomi	mi a2	False	N/A	N/A
1080461251	Smartphone Xiaomi Mi A2 Lite 4gb Ram 64gb 4000mah 4g 5,84	xiaomi	mi a2	False	N/A	N/A
1080552516	Iphone X 256gb Lacrado Garantia 1 Ano Parcelamento Sem Juros	apple	iphone x	False	N/A	N/A
1080635265	Samsung Galaxy J7 Prime 32gb Original Usado	samsung	galaxy j7	False	N/A	N/A
1080679988	Smartphone Motorola Moto Z2 Play Xt1710 4gb/64gb 5.5'' Dual	motorola	moto z2	False	N/A	5.5
1080762936	Smartphone Xiaomi Mi A2 4gb/64gb Dual Sim Tela 5.99'' Global	xiaomi	mi a2	False	N/A	5.99
1080788081	Smartphone Xiaomi Mi A2 4gb/64gb Dual Sim Tela 5.99'' Global	xiaomi	mi a2	False	N/A	5.99
1081212559	Celular Novo Smartphone Xiaomi Mi A2 64gb 4g 5,99 Ram Global	xiaomi	mi a2	False	N/A	N/A
1081213942	Celular Lançamento Xiaomi Mi A2 64gb 4g Ram Global Promoção	xiaomi	mi a2	False	N/A	N/A
1081214087	Celular Lançamento Xiaomi Mi A2 64gb 4g Ram Global Lacrado	xiaomi	mi a2	False	N/A	N/A
1081323151	Smartphone Xiaomi Mi A2 Dualsim 4gb/32gb 5.99' Versão Global	xiaomi	mi a2	False	N/A	5.99
1081331222	Smartphone Xiaomi Mi A2 Dualsim 4gb/32gb 5.99' Versão Global	xiaomi	mi a2	False	N/A	5.99
1081966213	Celular Samsung Galaxy J7 Pro 64gb 5.5  64gb 4g 13mp	samsung	galaxy j7	False	N/A	N/A
1081996918	Smartphone Xiaomi Mi A2 4gb/64gb Dual Sim Tela 5.99'' Global	xiaomi	mi a2	False	N/A	5.99
1082047166	Celular Redmi Xiaomi 5a 4g 2gb Ram 16gb Tela 5	xiaomi	N/A	False	N/A	N/A
1082047230	Celular Redmi Xiaomi 5a 4g 2gb Ram 16gb Tela 5.0 P. Entrega	xiaomi	N/A	False	N/A	N/A
1082050510	Celular Redmi Xiaomi 5a 4g 2gb Ram 16gb Tela 5.0 Original	xiaomi	N/A	False	N/A	N/A
1082222062	Smartphone Motorola Moto G5s Xt1794 Dual Sim 32gb 5.2 16mp	motorola	moto g5	False	N/A	N/A
1082527013	Iphone 6 16gb Novo Lacrado Original Apple 6 Mês Garantia	apple	iphone 6	False	N/A	N/A
1082528178	Iphone 6 Plus 16gb Novo Lacrado Original Apple 6 Mês Garanti	apple	iphone 6	True	N/A	N/A
1082530568	Celular Xiaomi Redmi Note 5 32gb 3gb  Global	xiaomi	N/A	False	N/A	N/A
1082828625	Iphone 6 64gb Novo! Lacrado! Garantia De 6 Meses Vendedor	apple	iphone 6	False	N/A	N/A
1082845380	Smartphone Samsung Galaxy S9 Plus Preto 128gb, Tela Infinita	samsung	galaxy s9	True	black	N/A
1083447711	Celular Motorola Moto G6 Plus 64gb 4gb Ram Tela 5.9 Índigo	motorola	moto g6	True	N/A	N/A
1083684261	Samsung J6 Preto Tela 5,6 4g 32gb 13mp + Nota Fiscal + Lacr	samsung	N/A	True	black	N/A
1083712089	Celular Xiaomi Mi A2 Lite 64gb/4gb Lacrado Global Octacore	xiaomi	mi a2	False	N/A	N/A
1084340822	Smartphone Xiaomi Mi A2 Dual Sim 32g - 5.99   -  Ver Cores	xiaomi	mi a2	False	N/A	N/A
1084468558	Xiaomi Mi A2 Lite 64gb/4gb Ram V. Global Sem Juros	xiaomi	mi a2	False	N/A	N/A
1084664814	Smartphone Xiaomi Redmi Note 5 64gb 4gb Ram 4g Tela 5.99	xiaomi	N/A	False	N/A	N/A
1084723595	Smartphone Lenovo K8 Note 32gb 3gb Ram 4g Dual Sim Tela 5.5	lenovo	N/A	False	N/A	N/A
1085281958	Xiaomi Mi A2 128gb 6gb 20mp Tela 5,99 Snapdragon 660 Android	xiaomi	mi a2	False	N/A	N/A
1085532013	Iphone 5s 32gb Novo Lacrado Garantia Vendedor 6 Meses	apple	iphone 5s	False	N/A	N/A
1085629274	Celular Xiaomi Redmi Note 5 32gb 3gb Global Lacrado Dourado	xiaomi	N/A	False	gold	N/A
1085982402	Iphone 6 Plus 64gb Novo Lacrado Origina Apple Garantia 6 Mes	apple	iphone 6	True	N/A	N/A
1086357946	Celular Xiaomi Mi 8 64gb 6gb Ram Snapdragon 845 Global	xiaomi	N/A	False	N/A	N/A
1086364697	Celular Xiaomi Mi 8 64gb 6gb Ram Global Snapdragon 845 Top	xiaomi	N/A	False	N/A	N/A
1086980120	Iphone 8 Plus 64gb + Nota Fiscal + Lacrado (avista 3888,88)	apple	iphone 8	True	N/A	N/A
1087684396	Smartphone Xiaomi Mi 8 64gb/6gb Dual Sim Global P/ Entrega	xiaomi	N/A	False	N/A	N/A
1087722575	Smartphone Xiaomi Mi 8 64gb/6gb Dual Sim Global P/ Entrega	xiaomi	N/A	False	N/A	N/A
1087872453	Celular Xiaomi Mi A 2 A2 64gb 4g Ram Global Lançamento	xiaomi	N/A	False	N/A	N/A
1088837899	Celular Xiaomi Mi A1 4gb Ram 64gb 2 Chip Preto	xiaomi	mi a1	False	black	N/A
1089321953	Caterpillar Cat S60 Dualsim 32gb Tela 4.7 Infravermelho Flir	N/A	N/A	False	N/A	N/A
1091111893	Motorola Moto E5 Xt1944-4 Platinum , Lacrado Nf	motorola	moto e5	False	silver	N/A
1091120060	Smartphone Xiaomi Mi A2 64gb Dualsim 4gb 5.99' Versão Global	xiaomi	mi a2	False	N/A	5.99
1091147735	Celular Xiaomi Mi A2 Lite Global 3gb Ram 32gb Original	xiaomi	mi a2	False	N/A	N/A
1091289061	Iphone 5s 16gb Space Gray Com Nota Fiscal	apple	iphone 5s	False	silver	N/A
1091992932	Smartphone Motorola Moto E4 Plus Biometria 3g Ram Tela 5.5	motorola	moto e4	True	N/A	N/A
1092474394	Apple Iphone X 64gb Preto Anatel Lacrado	apple	iphone x	False	black	N/A
1092661462	Xiaomi Redmi 6 64gb 4g 4gb Ram Tela 5,45' Android 8.1	xiaomi	redmi 6	False	N/A	N/A
1092661463	Celular Xiaomi Redmi 6 64gb 4g 4gb Ram Tela 5,45' Original	xiaomi	redmi 6	False	N/A	N/A
1093035273	Celular Xiaomi Redmi Note 4x 64gb 4gb Ram Original Lacrado	xiaomi	N/A	False	N/A	N/A
1093039426	Smartphone Xiaomi Redmi Note 5 32gb 3gb Original	xiaomi	N/A	False	N/A	N/A
1093175873	Celular Samsung J8 64gb Violeta Tela 6'' 4g	samsung	N/A	False	N/A	N/A
1093182031	Celular Samsung J8 64gb Prata Tela 6'' 4g	samsung	N/A	False	silver	N/A
1093287213	Smartphone Samsung Galaxy J5 Prime 32gb 13mp +brindes	samsung	galaxy j5	True	N/A	N/A
1093383523	Samsung Galaxy S9+ Plus 128gb Preto - Lacrado Nacional	samsung	galaxy s9	True	black	N/A
1094540437	Smartphone Samsung Galaxy S9 Plus 128gb Anatel/nf/garantia	samsung	galaxy s9	True	N/A	N/A
1094961305	Smartphone Xiaomi Mi 8 Dualchip 128gb/6gb Versão Global	xiaomi	N/A	False	N/A	N/A
1095770972	Smartphone Xiaomi Mi A2 Dual Sim 32g - 5.99   -  Ver Cores	xiaomi	mi a2	False	N/A	N/A
1095907681	Smartphone Samsung A530f Galaxy A8 Duos Dual Tela 5.6 64gb	samsung	galaxy a8	False	N/A	N/A
1096480874	Smartphone Lenovo K8 Plus 32gb Mem 3gb Ram Dual 4g	lenovo	N/A	True	N/A	N/A
1096689287	Smartphone Blu Vivo Xi+ Plus Dual Sim 128gb 6gb Ram Tela 6.2	N/A	N/A	True	N/A	N/A
1097126756	Smartphone Motorola G5s Plus 32gb Android Barato Celular 4g	motorola	N/A	True	N/A	N/A
1097195571	Apple Iphone 8 Plus 64gb Novo Lacrado 1 Ano Garantia Anatel	apple	iphone 8	True	N/A	N/A
1097262306	Motorola Moto C Plus Xt1723 Dual Sim 16gb 4g Vermelho Oferta	motorola	moto c	True	red	N/A
1098574819	Celular Xiaomi Pocophone F1 128gb 6gb C\nota Global Lacrado	xiaomi	pocophone f1	False	N/A	N/A
1098581653	Celular Xiaomi  Pocophone F1 64gb 6gb C\nota Global Lacrado	xiaomi	pocophone f1	False	N/A	N/A
1099263256	Celular Samsung Galaxy J7 Prime 2 / 32gb + Brinde !!!	samsung	galaxy j7	True	N/A	N/A
1100174661	Moto Z2 Play 64gb Xt1710 5.5 Full Hd 4gb Ram	motorola	moto z2	False	N/A	N/A
1100178494	Smartphone  Moto Z2 Play 64gb Xt1710 5.5 Full Hd 4gb Ram	motorola	moto z2	False	N/A	N/A
1100807681	Motorola Moto G6 Plus Azul Topazio Dual 5.9  64gb 4g 12mp	motorola	moto g6	True	blue	N/A
1102627055	Samsung J810m Galaxy J8 64gb	samsung	galaxy j8	False	N/A	N/A
1102813037	Celular J810m Galaxy J8 64gb	samsung	galaxy j8	False	N/A	N/A
1102913867	Smartphone Samsung Galaxy J4 J400m 16gb Desbloqueado Preto	samsung	galaxy j4	False	black	N/A
1105523048	Apple Iphone 8 Plus 64gb Anatel 4g 1 Ano De Garantia + Nf	apple	iphone 8	True	N/A	N/A
1107590289	Celular Xiaomin Redmi Note 5 64gb 4g Ram Pronta Entrega	N/A	N/A	False	N/A	N/A
1109394935	Iphone 8 64 Gb Apple Desbloqueado Anatel Lacrado Original	apple	iphone 8	False	N/A	N/A
1109397175	Iphone 8 64 Gb Apple Desbloqueado Anatel Lacrado Novo	apple	iphone 8	False	N/A	N/A
1110226459	Apple Iphone 8 Plus 64gb Gold Dourado - Novo Lacrado	apple	iphone 8	True	gold	N/A
1111104349	Smartphone Xiaomi Redmi Note 4x 64gb 4gb Rom Global	xiaomi	N/A	False	N/A	N/A
1112728925	Celular Xiaomi Redmi S2 64gb 4gb De Ram 4g Lacrado *global	xiaomi	N/A	False	N/A	N/A
1113203077	Smartphone Samsung Galaxy J6 Sm-j600g/ds Dual Sim 32gb .	samsung	galaxy j6	False	N/A	N/A
1113807094	Iphone X 256gb Modelo 1901 Anatel/ Com Nota Fiscal	apple	iphone x	False	N/A	N/A
1115291630	Relógio Smartwatch Samsung Gear Sm-r800 46mm Cinza	samsung	N/A	False	silver	N/A
1115333516	Celular Galaxy J7 Pro 64gb Preto + Cartão Sd 8gb Grátis	samsung	galaxy j7	True	black	N/A
1115652402	Celular Xiaomi Redmi Note 5 64gb 4gb 5.99pol	xiaomi	N/A	False	N/A	N/A
1118394240	Celular Xiaomi Redmi Note 5 32gb 3gb C/ 3 Brindes	xiaomi	N/A	False	N/A	N/A
1118682127	Motorola Nextel I867  Ferrari - Otimo Estado	motorola	N/A	False	N/A	N/A
1119300954	Apple Iphone X 64gb Preto Anatel Lacrado	apple	iphone x	False	black	N/A
1119634973	Celular Xiaomi Redmi 6 32gb 3gb Ram Dual Cam	xiaomi	redmi 6	False	N/A	N/A
1120952433	Motorola Nextel I867  Ferrari - Otimo Estado	motorola	N/A	False	N/A	N/A
